n,structure,operation,position,averageTimeNs,averageMetric
100,DynamicArray,insertion,beginning,3000380,599500
100,DynamicArray,insertion,middle,3350700,549500
100,LinkedList,insertion,beginning,34240,0
100,LinkedList,insertion,middle,360580,50000
100,DynamicArray,removal,beginning,405740,49500
100,DynamicArray,removal,middle,117560,24500
100,LinkedList,removal,beginning,81120,1000
100,LinkedList,removal,middle,175520,51000
1000,DynamicArray,insertion,beginning,120820,1499500
1000,DynamicArray,insertion,middle,84200,999500
1000,LinkedList,insertion,beginning,36900,0
1000,LinkedList,insertion,middle,953240,500000
1000,DynamicArray,removal,beginning,148400,499500
1000,DynamicArray,removal,middle,199600,249500
1000,LinkedList,removal,beginning,40860,1000
1000,LinkedList,removal,middle,985540,501000
10000,DynamicArray,insertion,beginning,457040,10499500
10000,DynamicArray,insertion,middle,267040,5499500
10000,LinkedList,insertion,beginning,46000,0
10000,LinkedList,insertion,middle,9152180,5000000
10000,DynamicArray,removal,beginning,1098760,9499500
10000,DynamicArray,removal,middle,437080,4499500
10000,LinkedList,removal,beginning,30360,1000
10000,LinkedList,removal,middle,10377580,5001000
100000,DynamicArray,insertion,beginning,9552620,100499500
100000,DynamicArray,insertion,middle,3689740,50499500
100000,LinkedList,insertion,beginning,53380,0
100000,LinkedList,insertion,middle,95709560,50000000
100000,DynamicArray,removal,beginning,13751140,99499500
100000,DynamicArray,removal,middle,6735120,49499500
100000,LinkedList,removal,beginning,49520,1000
100000,LinkedList,removal,middle,107939280,50001000
